Episode,sumofrewardsgood(DQN),sumofaveragerewardsadversary(DQN)
0,-21.440199437629445,-2.9390830392573073
1,-11.874244557510064,-2.129430659550273
