Episode,sumofrewards(DQN)
0,236.99375000002212
1,320.83359375002044
